,name
0,Erling Haaland
1,Antony
2,Wesley Fofana
3,Aurélien Tchouaméni
4,Casemiro
5,Alexander Isak
6,Matthijs de Ligt
7,Raheem Sterling
8,Sadio Mané
9,Romelu Lukaku
10,Marc Cucurella
11,Federico Chiesa
12,Jules Koundé
13,Raphinha
14,Richarlison
15,Lisandro Martínez
16,Darwin Núñez
17,Fabián Ruiz
18,Gabriel Jesus
19,Cristian Romero
20,Kalvin Phillips
21,Carlos Soler
22,Paul Pogba
23,Robert Lewandowski
24,Matheus Nunes
25,Erling Haaland
26,Antony
27,Wesley Fofana
28,Aurélien Tchouaméni
29,Casemiro
30,Alexander Isak
31,Matthijs de Ligt
32,Raheem Sterling
33,Sadio Mané
34,Romelu Lukaku
35,Marc Cucurella
36,Federico Chiesa
37,Jules Koundé
38,Raphinha
39,Richarlison
40,Lisandro Martínez
41,Darwin Núñez
42,Fabián Ruiz
43,Gabriel Jesus
44,Cristian Romero
45,Kalvin Phillips
46,Carlos Soler
47,Paul Pogba
48,Robert Lewandowski
49,Matheus Nunes
50,Franck Kessié
51,Enzo Fernández
52,Lucas Paquetá
53,Amine Gouiri
54,Vitinha
55,Nuno Mendes
56,Gonçalo Guedes
57,Diego Carlos
58,Antonio Rüdiger
59,Kalidou Koulibaly
60,Sven Botman
61,Charles De Ketelaere
62,Bremer
63,Fábio Vieira
64,Oleksandr Zinchenko
65,Amadou Onana
66,Nayef Aguerd
67,Sébastien Haller
68,Karim Adeyemi
69,Yves Bissouma
70,Timo Werner
71,Ryan Gravenberch
72,Paulo Dybala
73,Niklas Süle
74,Andreas Christensen
75,Nico Schlotterbeck
76,Brenden Aaronson
77,Steven Bergwijn
78,Gianluca Scamacca
79,Manuel Akanji
80,Frank Anguissa
81,Renan Lodi
82,Tanguy Ndombélé
83,Angeliño
84,Morgan Gibbs-White
85,Robin Gosens
86,Leander Dendoncker
87,Renato Sanches
88,Giacomo Raspadori
89,Hugo Ekitiké
90,Joaquín Correa
91,Mohamed Camara
92,Xaver Schlager
93,Denis Zakaria
94,David Raum
95,Luis Sinisterra
96,Merih Demiral
97,João Palhinha
98,Sasa Kalajdzic
99,Mattéo Guendouzi
100,Raúl de Tomás
101,Pedro Porro
102,Lucas Ocampos
103,Sergio Reguilón
104,Callum Hudson-Odoi
105,Conor Coady
106,Boubacar Kamara
107,Nicolas Pépé
108,Lorenzo Insigne
109,Nathan Collins
110,Filip Kostić
111,Calvin Bassey
112,Cheick Doucouré
113,Roméo Lavia
114,Sofiane Diop
115,Jérémie Boga
116,Thilo Kehrer
117,Cengiz Ünder
118,Julian Weigl
119,James Tarkowski
120,Mauro Icardi
121,Jan Bednarek
122,Giovani Lo Celso
123,Éderson
124,Maxwel Cornet
125,Taiwo Awoniyi
126,David Carmo
127,Nahuel Molina
128,Arnaud Kalimuendo
129,Philippe Coutinho
130,Umar Sadiq
131,Neco Williams
132,Rasmus Højlund
133,Pervis Estupiñán
134,David Neres
135,Dodô
136,Adam Hlozek
137,Nordi Mukiele
138,Remo Freuler
139,Lucas Torreira
140,Trincão
141,Antonín Barák
142,Andrea Belotti
143,Noussair Mazraoui
144,Héctor Bellerín
145,Christian Eriksen
146,Nico González
147,Andrea Pinamonti
148,Arthur Theate
149,Hassane Kamara
150,Keane Lewis-Potter
151,Min-jae Kim
152,Destiny Udogie
153,Carney Chukwuemeka
154,Dwight McNeil
155,Gaëtan Laborde
156,Aaron Hickey
157,Brais Méndez
158,Neal Maupay
159,Moussa Niakhaté
160,Mattia Zaccagni
161,Zeki Çelik
162,Arthur Melo
163,Julian Draxler
164,Abdou Diallo
165,Sergiño Dest
166,Georginio Wijnaldum
167,Matthias Ginter
168,Nathan Redmond
169,Alex Telles
170,Jesse Lingard
171,Dean Henderson
172,Daniel James
173,André Gomes
174,Issa Diop
175,Matt Targett
176,Tyler Adams
177,Wout Faes
178,Roman Yaremchuk
179,Tyrell Malacia
180,Marcos Senesi
181,Jordan Veretout
182,Giovanni Simeone
183,Destiny Udogie
184,Giovanni Simeone
185,Leandro Paredes
186,Yusuf Yazıcı
187,Chancel Mbemba
188,Kasper Dolberg
189,Alessio Romagnoli
190,Destiny Udogie
191,Hee-chan Hwang
192,Mathías Olivera
193,Brian Brobbey
194,Jota
195,Tanguy Nianzou
196,Jerry St. Juste
197,Duje Caleta-Car
198,Arkadiusz Milik
199,Matteo Pessina
200,Arkadiusz Milik
201,Randal Kolo Muani
202,Dele Alli
203,Luiz Felipe
204,Yuri Alberto
205,Luka Jović
206,Diadié Samassékou
207,Bertrand Traoré
208,Emerson Palmieri
209,Takumi Minamino
210,Beto
211,Mikkel Damsgaard
212,Everton
213,Khvicha Kvaratskhelia
214,Rasmus Kristensen
215,Mohamed-Ali Cho
216,Orel Mangala
217,Breel Embolo
218,Pierre-Emerick Aubameyang
219,Nick Pope
220,Mattias Svanberg
221,Jonathan Clauss
222,Arthur Theate
223,Konstantinos Mavropanos
224,Fábio Silva
225,Nuno Tavares
226,Amad Diallo
227,Harry Winks
228,Alexandre Lacazette
229,Corentin Tolisso
230,Justin Kluivert
231,Emmanuel Dennis
232,Djed Spence
233,Diego Rossi
234,Gavin Bazunu
235,Mohamed Bayo
236,Marcão
237,Sebastian Szymanski
238,Wout Weghorst
239,Walter Benítez
240,Kayky
241,Yangel Herrera
242,Jason Denayer
243,Fredrik Aursnes
244,Lucas Gourna-Douath
245,Mattia Viti
246,Salih Özcan
247,James Rodríguez
248,Calvin Stengs
249,Ethan Ampadu
250,Jørgen Strand Larsen
251,Pau López
252,Marc Roca
253,Alexis Beka Beka
254,Stanley Nsoki
255,Chris Richards
256,Agustín Álvarez
257,Luís Maximiano
258,Luiz Henrique
259,Gabriel Veron
260,Willian José
261,Owen Wijndal
262,Marko Grujic
263,Samuele Ricci
264,Billy Gilmour
265,Angelo Fulgini
266,Fábio Carvalho
267,João Pedro
268,Idrissa Gueye
269,Sérgio Oliveira
270,Maxi Gómez
271,Andrea Petagna
272,Boulaye Dia
273,Krzysztof Piatek
274,Răzvan Marin
275,Divock Origi
276,André Onana
277,Marcos Alonso
278,Clément Lenglet
279,Adnan Januzaj
280,Ángel Di María
281,Loïc Badé
282,Sam Johnstone
283,Taty Castellanos
284,Marcus Tavernier
285,Julio Enciso
286,Armel Bella-Kotchap
287,Joshua Zirkzee
288,Matheus Henrique
289,Nicolás Tagliafico
290,Mady Camara
291,Flynn Downes
292,Gabriel Sara
293,James Garner
294,Sergio Gómez
295,Jakub Kaminski
296,Luis Suárez
297,Rúben Vinagre
298,Giulian Biancone
299,Junya Ito
300,Borja Mayoral
301,Ademola Lookman
302,Guglielmo Vicario
303,Rolando Mandragora
304,Joe Aribo
305,Ozan Kabak
306,Gianluca Caprari
307,Kristjan Asllani
308,Wilfried Gnonto
309,Mahmoud Trezeguet
310,Hugo Duro
311,Michy Batshuayi
312,Gianluca Caprari
313,Mario Götze
314,Léo Dubois
315,Aster Vranckx
316,Alexander Sørloth
317,Mathias Normann
318,Aleksey Miranchuk
319,Pierluigi Gollini
320,Nicolò Rovella
321,Alessio Cragno
322,Stefan Posch
323,Manu Sánchez
324,Serhou Guirassy
325,Ivan Perisic
326,Allan
327,Ainsley Maitland-Niles
328,Amine Harit
329,Ander Herrera
330,Alex Mowatt
331,Cyle Larin
332,Federico Bernardeschi
333,Cucho Hernández
334,João Victor
335,Ahmetcan Kaplan
336,Andreas Pereira
337,José Manuel López
338,Miralem Pjanic
339,Lewis O'Brien
340,Alphonse Areola
341,Brandon Soppy
342,Gabriel Slonina
343,Christopher Wooh
344,Andrea Colpani
345,Jhon Lucumí
346,Andreas Cornelius
347,Adam Buksa
348,Kevin Mbabu
349,Bernd Leno
350,Kristijan Jakic
351,Anwar El Ghazi
352,Predrag Rajkovic
353,Nikola Moro
354,Ricardo Pepi
355,Luca Pellegrini
356,Jean-Philippe Gbamin
357,Freddie Woodman
358,Óscar Rodríguez
359,Unai Núñez
360,Ilaix Moriba
361,Rafinha
362,Portu
363,Paco Alcácer
364,Malick Thiaw
365,Ritsu Doan
366,Omar Richards
367,Giulio Maggiore
368,Dávid Hancko
369,Jens Petter Hauge
370,Vedat Muriqi
371,Nathan Ngoumou
372,Alexander Bah
373,Nehuén Pérez
374,André Almeida
375,Simon Adingra
376,El Bilal Touré
377,Marcos Antônio
378,Kaiky
379,Lucas Alario
380,Flavius Daniliuc
381,Patrick Wimmer
382,Francisco Conceição
383,Anders Dreyer
384,Carlos Vinícius
385,Denis Bouanga
386,Enis Bardhi
387,Kastriot Imeri
388,Moi Gómez
389,Haris Seferovic
390,Malang Sarr
391,Domingos Duarte
392,Isaac Hayden
393,Alejandro Pozuelo
394,Jordan Larsson
395,Joshua King
396,Henrikh Mkhitaryan
397,Romain Saïss
398,Jens Petter Hauge
399,Christos Tzolis
400,Abde Ezzalzouli
401,Kacper Kozlowski
402,Cédric Bakambu
403,Tyler Roberts
404,Zinho Vanheusden
405,Abdallah Sima
406,Pol Lirola
407,Marco Carnesecchi
408,Djibril Sidibé
409,Munir El Haddadi
410,Reinier
411,Loïs Openda
412,Nicolò Casale
413,Bartol Franjic
414,Takefusa Kubo
415,Guus Til
416,Ezgjan Alioski
417,Isco
418,Grischa Prömel
419,Alexandru Cicâldău
420,Quinten Timber
421,Armand Laurienté
422,Perr Schuurs
423,Cameron Carter-Vickers
424,Matteo Lovato
425,Strahinja Pavlovic
426,Lázaro
427,Aaron Boupendza
428,Samuel Lino
429,Jordan
430,Giuliano Galoppo
431,Luan Peres
432,Ui-jo Hwang
433,Fabien Centonze
434,Toby Alderweireld
435,Marquinhos
436,Raoul Bellanova
437,Willian Arão
438,Morten Thorsby
439,Adam Ounas
440,Jorge Carrascal
441,Théo Bongonda
442,Oliver Abildgaard
443,Raoul Bellanova
444,Diogo Leite
445,Kenedy
446,Alex Král
447,Anthony Caci
448,Milot Rashica
449,Yeferson Soteldo
450,John Anthony Brooks
451,Colin Dagba
452,Ui-jo Hwang
453,Martín Satriano
454,John Swift
455,Jack Stephens
456,Samuel Lino
457,Riqui Puig
458,Uroš Račić
459,Lucien Agoumé
460,Taylor Harwood-Bellis
461,Thomas Strakosha
462,Stefano Sensi
463,Ghislain Konan
464,Miguel Borja
465,Sávio
466,Cyriel Dessers
467,Samir Caetano
468,Alberth Elis
469,Gedson Fernandes
470,Rıdvan Yılmaz
471,Mostafa Mohamed
472,Nicolás Castro
473,Andreaw Gravillon
474,Erick Pulgar
475,Mostafa Mohamed
476,Niklas Stark
477,Jed Wallace
478,Rémy Cabella
479,Santiago Ascacíbar
480,Junior Messias
481,Victor Boniface
482,Gonzalo Plata
483,Yusuf Demir
484,Fausto Vera
485,Santiago Gimenez
486,Mario Gila
487,Fernando
488,Pep Biel
489,Matías Galarza
490,Felix Afena-Gyan
491,Bjorn Meijer
492,Christian Benteke
493,Jonathan Rodríguez
494,Valentin Rosier
495,Anel Ahmedhodzic
496,Javairô Dilrosun
497,Miguel Gutiérrez
498,Matías Vargas
499,Fredrik Midtsjø
500,Gamid Agalarov
501,Darwin Machís
502,Willy Boly
503,Bartlomiej Dragowski
504,Eric Bailly
505,Amadou Diawara
506,Daniel Wass
507,Marc Bartra
508,Lorenzo Lucca
509,Carles Pérez
510,Florent Mollet
511,Tino Kadewere
512,Mergim Berisha
513,Bruma
514,Filip Uremovic
515,Lys Mousset
516,Ermedin Demirovic
517,Mohamed Daramy
518,Fabián Balbuena
519,Stefan Ortega
520,Otávio
521,Hannibal
522,Ki-Jana Hoever
523,Sávio
524,Valentino Lazaro
525,Luis Henrique
526,Callum Robinson
527,Aaron Connolly
528,Zack Steffen
529,Konrad de la Fuente
530,Martin Braithwaite
531,Alexis Claude-Maurice
532,Óscar Mingueza
533,Marin Pongracic
534,Adil Aouchiche
535,Jordan Amavi
536,Artem Dzyuba
537,Mahdi Camara
538,Brian Rodríguez
539,Matt Turner
540,Darko Gyabi
541,Vakoun Bayo
542,Jean Meneses
543,Janis Antiste
544,Casper Nielsen
545,Isaak Touré
546,Petar Musa
547,Williot Swedberg
548,Johan Mojica
549,Vincent Janssen
550,Oriol Romeu
551,Arne Maier
552,Florin Tănase
553,Alessandro Florenzi
554,Sead Haksabanovic
555,Cristian Pavón
556,Abdulrahman Ghareeb
557,Anthony Modeste
558,Andrea Cambiaso
559,Kristian Thorstvedt
560,Raphael Onyedika
561,Christopher Martins Pereira
562,Ko Itakura
563,Wilfried Kanga
564,Pablo Torre
565,Thomas Henry
566,Domagoj Bradaric
567,Federico Bonazzoli
568,Adam Masina
569,Jorge Sánchez
570,Aboubakar Kamara
571,Salis Abdul Samed
572,Brice Samba
573,Bruno Tabata
574,Jurgen Ekkelenkamp
575,Ferran Jutglà
576,Davide Bettella
577,Luis Milla
578,Leo Østigård
579,Calvin Ramsay
580,Hélder Costa
581,Ignatius Ganago
582,Johann Lepenant
583,Petar Musa
584,Stephen Eustaquio
585,Jean Onana
586,Ezequiel Ponce
587,Andrea Carboni
588,Lincoln
589,Maxim Leitsch
590,Rúben Semedo
591,Jackson Muleka
592,Mario Vuskovic
593,Jordan Torunarigha
594,Pablo Maffeo
595,Iké Ugbo
596,Josh Cullen
597,Roger Martí
598,Simon Banza
599,Abdülkerim Bardakcı
600,Julián Quiñones
601,Tonny Vilhena
602,Pierre Lees-Melou
603,Umut Bozok
604,Jimmy Cabot
605,Andrea Cambiaso
606,Dominik Kohr
607,Lucas Perrin
608,Marcelino Moreno
609,Jan Kuchta
610,Henry Onyekuru
611,Mark-Anthony Kaye
612,Jack Hendry
613,Mathew Ryan
614,Ludwig Augustinsson
615,Tonny Vilhena
616,Nemanja Matic
617,Junior Dina Ebimbe
618,Rúben Vinagre
619,Sepp van den Berg
620,Sebastiano Esposito
621,Amos Pieper
622,Arthur Masuaku
623,Tom Lawrence
624,Simone Verdi
625,Aaron Mooy
626,Mads Bech Sörensen
627,Gabriel Pires
628,Rodrigo Muniz
629,Ronaël Pierre-Gabriel
630,Sime Vrsaljko
631,Joselu
632,Benjamin Lecomte
633,Sebastian Walukiewicz
634,Shane Duffy
635,Zelimkhan Bakaev
636,Giuseppe Pezzella
637,Rémi Oudin
638,Jeff Hendrick
639,Gonzalo Villar
640,Ethan Laird
641,Riechedly Bazoer
642,Ian Maatsen
643,Levi Colwill
644,Soualiho Meïté
645,Antonio Blanco
646,Pablo Marí
647,Jean Michaël Seri
648,Steven Alzate
649,Fernando Pacheco
650,Yacine Brahimi
651,Héctor Herrera
652,Ricardo Goulart
653,Yan Couto
654,Marcos Paulo
655,David Ospina
656,Carlos Salcedo
657,Anthony Nwakaeme
658,Emirhan İlkhan
659,Dia Saba
660,Rodrigo Aguirre
661,Amar Fatah
662,Berat Özdemir
663,Nicolas Moumi Ngamaleu
664,Daniel-Kofi Kyereh
665,Denis Vavro
666,Igor Paixão
667,Edu Expósito
668,Mateo Cassierra
669,Allahyar Sayyadmanesh
670,Gastón Ávila
671,Pietro Pellegri
672,Jamie Leweling
673,Patrick Berg
674,Andraz Sporar
675,Luca Kilian
676,Ezequiel Bullaude
677,Moussa Sissoko
678,Lorenzo Montipò
679,Tiquinho Soares
680,Christopher Jullien
681,Agustín Rogel
682,Hiroki Ito
683,Michael Gregoritsch
684,Oliver Burke
685,Benjamin Verbic
686,Bernard
687,Wylan Cyprien
688,Junior Sambia
689,Vini Souza
690,Jordan Beyer
691,Gaël Kakuta
692,David Okereke
693,Germán Berterame
694,Dimitrios Pelkas
695,Ilan Kebbal
696,Konstantinos Manolas
697,Gabriel Pirani
698,Omar Khribin
699,Alexandro Bernabéi
700,Gustavo del Prete
701,Can Bozdoğan
702,Nicolás Marichal
703,Pablo Solari
704,Stefano Denswil
705,Michele Di Gregorio
706,Veljko Birmancevic
707,Bosko Sutalo
708,Jens Stage
709,Filippo Melegoni
710,Juan Cabal
711,Sotiris Alexandropoulos
712,Jaka Bijol
713,Enzo Ebosse
714,Francesco Caputo
715,Alan Virginius
716,Benson Manuel
717,Anass Zaroury
718,Nicolás Fernández Mercau
719,Doğukan Sinik
720,Emil Bohinen
721,Martin Hongla
722,Marcus Forss
723,Hidemasa Morita
724,Carlos González
725,Rabbi Matondo
726,Luuk de Jong
727,Alejandro Pozo
728,Néstor Araújo
729,Jonathan Calleri
730,Martin Dúbravka
731,Andy Pelmard
732,Dan Ndoye
733,Walter Bou
734,Gonzalo Melero
735,Alan Mozo
736,Elvis Rexhbecaj
737,Dylan Bronn
738,Michal Sadílek
739,Tomás Chancalay
740,Agustín Marchesín
741,Yann Karamoh
742,Kasper Schmeichel
743,Adrián Embarba
744,Zaydou Youssouf
745,Braian Romero
746,Tom Krauß
747,Falaye Sacko
748,Johan Vásquez
749,Emre Akbaba
750,Otabek Shukurov
751,Álvaro Fernández
752,Bartosz Bialek
753,Renato Kayzer
754,Axel Witsel
755,Jonjoe Kenny
756,Ivan Sunjic
757,Jean-Paul Boëtius
758,Francesco Acerbi
759,Danilho Doekhi
760,Felix Mambimbi
761,Dries Mertens
762,Pizzi
763,Martín Payero
764,Jakub Jankto
765,Danilo
766,Oussama Idrissi
767,Issa Kaboré
768,Mattia Aramu
769,Roberto Piccoli
770,M'Baye Niang
771,Krystian Bielik
772,Sergio Asenjo
773,Unai López
774,Erik Botheim
775,Xavi Simons
776,Cole Bassett
777,Nemanja Radonjic
778,Chidozie Awaziem
779,Eduardo Quaresma
780,Mathieu Cafaro
781,Cheikhou Kouyaté
782,Brian Lozano
783,Willian
784,Arnaud Nordin
785,Wahbi Khazri
786,Hamza Choudhury
787,Kortney Hause
788,Hassane Kamara
789,Mamadou Loum
790,Filip Djuricic
791,Samu Castillejo
792,Edinson Cavani
793,José Luis Morales
794,Akim Zedadka
795,Rony Lopes
796,Rhys Williams
797,Folarin Balogun
798,Erison
799,Álex Collado
800,Jens Jönsson
801,Orbelín Pineda
802,Harold Moukoudi
803,Joseba Zaldua
804,Adama Traoré
805,Francisco Moura
806,Jaime Seoane
807,Stéphane Bahoken
808,Alexandru Mitriţă
809,Matías Pellegrini
810,Marcelino Núñez
811,Joel Ordóñez
812,Valentin Antov
813,Carlos Rotondi
814,Gennaro Tutino
815,Charles Pickel
816,Ozan Tufan
817,Adam Maher
818,Eduardo Salvio
819,Josha Vagnoman
820,Marcel Ruiz
821,Walid Cheddira
822,Emiliano Rigoni
823,Josh Doig
824,Eren Elmalı
825,Jens Odgaard
826,Johan Carbonero
827,André Franco
828,Robin Olsen
829,Karim Konaté
830,Pedrinho
831,Rodrigão
832,Jackson Porozo
833,Darko Churlinov
834,Emanuel Aiwu
835,Marko Milovanovic
836,Anton Zinkovskiy
837,Michel Aebischer
838,Daniil Utkin
839,Riccardo Calafiori
840,Ivan Provedel
841,Kevin Agudelo
842,Sargis Adamyan
843,Maxime Busi
844,Dedryck Boyata
845,Tahith Chong
846,Daizen Maeda
847,Rodrigo Zalazar
848,Adrien Hunou
849,Gabriel Charpentier
850,Halil Akbunar
851,Magnus Kofod Andersen
852,Sandro Ramírez
853,Didier Lamkel Zé
854,Sasa Zdjelar
855,Naci Ünüvar
856,Shapi Suleymanov
857,Olimpiu Moruţan
858,Roman Evgenjev
859,Jérôme Onguéné
860,Lee Buchanan
861,Janik Haberer
862,Alexis Sánchez
863,Radu Drăgușin
864,George Pușcaș
865,Jack Clarke
866,Mihailo Ristic
867,Eddie Salcedo
868,Matías Vecino
869,Festy Ebosele
870,Ferro
871,Danilo Barbosa
872,Shoya Nakajima
873,Marko Pjaca
874,Marlon
875,Pêpê
876,Taylan Antalyalı
877,Bryan Reynolds
878,Joe Rothwell
879,Lorenzo Colombo
880,Callum Styles
881,Patrick Cutrone
882,Ismaily
883,Cecilio Domínguez
884,Andrei Radu
885,Robert Muric
886,Juan Otero
887,Óscar Estupiñán
888,Lucas Halter
889,Mattia Caldara
890,Omar Fernández
891,Farid Boulaya
892,Berke Özer
893,Vitinho
894,Luca Moro
895,Caio Alexandre
896,Zinedine Ferhat
897,Alexis Canelo
898,Domingo Blanco
899,Joakim Nilsson
900,Elias Cobbaut
901,Ahmed Musa
902,Jayden Oosterwolde
903,Albert Grønbæk
904,Emanuel Emegha
905,Isak Hien
906,Manu García
907,João Klauss
908,Vakoun Bayo
909,Ebrima Colley
910,Cédric Brunner
911,Enrico Del Prato
912,Sékou Mara
913,Hugo Cuypers
914,Arkadiusz Reca
915,Ishaq Abdulrazak
916,Roberto Fernández
917,Osman Bukari
918,Nicolai Vallys
919,Mamadou Coulibaly
920,Robert Ljubicic
921,Matthew Hoppe
922,Jean-Eudes Aholou
923,Liberato Cacace
924,Lucas Fasson
925,Mario Mitaj
926,Bafodé Diakité
927,Thierno Baldé
928,Arijanet Muric
929,Rasmus Carstensen
930,Matías Palacios
931,Luca Valzania
932,Luca Zanimacchia
933,Gui Guedes
934,Matteo Tramoni
935,Marcel Tisserand
936,Vivaldo Semedo
937,Lukas Lerager
938,Matt Clarke
939,Hrvoje Smolcic
940,Antonio Colak
941,Nathan
942,Adama Traoré
943,Rochinha
944,Philip Zinckernagel
945,Ben Malango
946,Cédric Hountondji
947,László Bénes
948,Abdul Mumin
949,Moreto Cassamá
950,Nikolay Komlichenko
951,Nicolás Díaz
952,Eric Martel
953,Monchu
954,Petar Stojanović
955,Aleksandar Pesic
956,Jasper Cillessen
957,Julen Lobete
958,Abdelhamid Sabiri
959,Abdou Harroui
960,Julian Gressel
961,Ajdin Hrustić
962,Mickaël Malsa
963,Sebastiano Luperto
964,Sam Lammers
965,Rodrigo Dourado
966,Julián Carranza
967,Abdoulaye Seck
968,Alexander Schwolow
969,Mario González
970,João Novais
971,Viktor Kovalenko
972,Kristian Pedersen
973,Jayden Braaf
974,Aurélio Buta
975,Víctor Mollejo
976,Tyler Morton
977,Modibo Sagnan
978,Keita Baldé
979,Jacob Rasmussen
980,Julen Lobete
981,Rubén Blanco
982,Güven Yalçın
983,Edouard Michut
984,James McAtee
985,Sergio Camello
986,Jarrad Branthwaite
987,Matteo Cancellieri
988,Aaron Ramsey
989,Joe Bryan
990,Josip Drmic
991,Gabriel Slonina
992,Toni Borevkovic
993,Gabriel Vidovic
994,Radoslaw Majecki
995,Heitor
996,Jean Marcelin
997,Adryelson
998,Nahuel Bustos
999,Jaden Philogene
1000,Ryan Giles
1001,Darragh Lenihan
1002,In-beom Hwang
1003,Marcelo
1004,Mattia Destro
1005,Boschilia
1006,Kristoffer Olsson
1007,Jesé
1008,Emre Kılınç
1009,Gonçalo Paciência
1010,Faitout Maouassa
1011,Okay Yokuşlu
1012,Neto
1013,Evann Guessand
1014,Wladimiro Falcone
1015,Mario Gaspar
1016,Charlie Cresswell
1017,Ignacio Pussetto
1018,Tino Anjorin
1019,Michal Helik
1020,Halil Dervişoğlu
1021,Ally Samatta
1022,Yvan Neyou
1023,Hernani
1024,Gautier Larsonneur
1025,Maximiliano Romero
1026,Gonçalo Esteves
1027,James Léa Siliki
1028,Gonzalo Maroni
1029,Milan Gajic
1030,Carlos Izquierdoz
1031,Wahid Faghir
1032,João Figueiredo
1033,Martín Benítez
1034,Philip Zinckernagel
1035,Romário Baró
1036,Houboulang Mendes
1037,Fabrizio Angileri
1038,Michael Estrada
1039,Metinho
1040,In-beom Hwang
1041,Matteo Ricci
1042,Bersant Celina
1043,Ivan Cavaleiro
1044,Ahmed Hassan
1045,Manu Vallejo
1046,Óscar Melendo
1047,Jean-David Beauguel
1048,Gareth Bale
1049,Merlin Röhl
1050,Arthur Gomes
1051,Scott Twine
1052,Marcelo Allende
1053,Alex Teixeira
1054,Pedro Pereira
1055,Renzo López
1056,Luca Pfeiffer
1057,Byron Castillo
1058,Mario Balotelli
1059,Tayyip Talha Sanuç
1060,Gustavo Henrique
1061,Amar Rahmanovic
1062,Raúl Moro
1063,Sean Klaiber
1064,Fabio Depaoli
1065,Birger Verstraete
1066,Sam Larsson
1067,Panagiotis Retsos
1068,Carel Eiting
1069,Nacer Chadli
1070,Yvon Mvogo
1071,Lautaro Morales
1072,Juan Ignacio Méndez
1073,Armando Izzo
1074,Ilzat Akhmetov
1075,Leonardo Mancuso
1076,Mattia Valoti
1077,Yoann Cathline
1078,Achraf Dari
1079,Fousseni Diabaté
1080,Assan Ceesay
1081,Leonardo Mancuso
1082,Sofiane Hanni
1083,Emmanuel Agbadou
1084,Borja Garcés
1085,Ben Davies
1086,Giacomo Vrioni
1087,Kilian Fischer
1088,Diego Valencia
1089,Thijs Dallinga
1090,Joel Pohjanpalo
1091,Alex Santana
1092,Marko Rakonjac
1093,Zian Flemming
1094,Tiago Volpi
1095,Víctor Méndez
1096,Jordy Caicedo
1097,Mickaël Biron
1098,Harry Toffolo
1099,Mauro Laínez
1100,Marcus Ingvartsen
1101,William Böving
1102,Thomas Ouwejan
1103,Filip Ugrinic
1104,Gianluca Lapadula
1105,Niclas Eliasson
1106,Haji Wright
1107,Dario Saric
1108,Steven Zuber
1109,Samuele Birindelli
1110,Hrvoje Babec
1111,Dembo Darboe
1112,Mounir Chouiar
1113,Lei Wu
1114,Miguel Merentiel
1115,Afonso Sousa
1116,Antonio Candreva
1117,Mijat Gacinovic
1118,Rubén Alcaraz
1119,Víctor Chust
1120,Nuno Santos
1121,Kiko Femenía
1122,Dominique Heintz
1123,Sebastian Lletget
1124,Philipp Förster
1125,Muhammed Gümüşkaya
1126,Fran Villalba
1127,Lazar Randjelovic
1128,Javi Hernández
1129,Makhtar Gueye
1130,Fran Villalba
1131,Mamadou Coulibaly
1132,Leo Greiml
1133,Michal Karbownik
1134,Vital Nsimba
1135,Marco John
1136,Albian Ajeti
1137,Juan Mata
1138,Bas Dost
1139,Fredrik Bjørkan
1140,Hördur Magnússon
1141,Gideon Mensah
1142,Rubén Peña
1143,Aitor Fernández
1144,Tommy Doyle
1145,Zouhair Feddal
1146,Moritz Jenz
1147,Iñigo Córdoba
1148,Sandi Lovric
1149,Yann Gboho
1150,Finn Ole Becker
1151,Marcos Guilherme
1152,Dorian Dessoleil
1153,Andy Rinomhota
1154,Nicolas N'Koulou
1155,Denis Cheryshev
1156,Guillermo Varela
1157,Brian Oliván
1158,Dani Gómez
1159,José Carlos Lazo
1160,Alberto Grassi
1161,Bruno Gomes
1162,Emiliano Martínez
1163,Francisco Ginella
1164,Martin Boyle
1165,Ivan
1166,Jonathan Panzo
1167,Keinan Davis
1168,Jamie Shackleton
1169,Tim Iroegbunam
1170,Cesc Fàbregas
1171,Ryan Nyambe
1172,Víctor Gómez
1173,Diego Lainez
1174,Jonas Martin
1175,Tiago Dantas
1176,José Esquivel
1177,Ben Mee
1178,Gédéon Kalulu
1179,Jérémy Gélin
1180,Yan Valery
1181,João Carvalho
1182,Isaac Atanga
1183,Andriy Yarmolenko
1184,Pere Pons
1185,Gonzalo Escalante
1186,Gabriel Silva
1187,Matheus Babi
1188,Filip Stevanovic
1189,Achraf Bencharki
1190,Alfie Mawson
1191,Ryan Woods
1192,Martín Aguirregabiria
1193,Santiago Colombatto
1194,Mathias Pereira Lage
1195,Javier Eduardo López
1196,Adel Taarabt
1197,Alessandro Schöpf
1198,Magomed Ozdoev
1199,Vladímir Loroña
1200,Joe Lolley
1201,Idekel Domínguez
1202,Edison Flores
1203,Mauro Manotas
1204,Mariusz Stepinski
1205,Richie Laryea
1206,Toni Villa
1207,Nico Serrano
1208,Darlan
1209,Álvaro González
1210,Valon Berisha
1211,Deyverson
1212,Daniel Bessa
1213,Jorge Meré
1214,Juan-José Perea
1215,Arthur Chaves
1216,Matías Cóccaro
1217,Luca Mazzitelli
1218,Antonino La Gumina
1219,Daniel Ballard
1220,Josh Bowler
1221,Mees de Wit
1222,David Nemeth
1223,Andi Zeqiri
1224,Danny da Costa
1225,Arnór Sigurdsson
1226,Benjamin Tetteh
1227,Mehrdad Mohammadi
1228,Ángel González
1229,Jure Balkovec
1230,Pedro Pereira
1231,Javier Salas
1232,Gastón Brugman
1233,Antoine Makoumbou
1234,Ousmane Camara
1235,Pieros Sotiriou
1236,Léo Duarte
1237,Sebastian Polter
1238,Bryan Linssen
1239,Jean-Luc Dompé
1240,Lorenzo Pirola
1241,Samuel Bastien
1242,Kristijan Bistrovic
1243,Paul Seguin
1244,Milos Pantovic
1245,Josep Martínez
1246,Leo Stulac
1247,Landry Dimata
1248,Kjell Scherpen
1249,Josh Laurent
1250,Niels Nkounkou
1251,Koni De Winter
1252,Paulo Victor
1253,Charalampos Lykogiannis
1254,Abdul Rahman Baba
1255,Domingos Quina
1256,Fredrik Gulbrandsen
1257,Kento Hashimoto
1258,Ishak Belfodil
1259,Borja Sainz
1260,Pietro Beruatto
1261,Sofian Kiyine
1262,Jerónimo Cacciabue
1263,Mathys Tel
1264,Mikael
1265,Emil Konradsen Ceide
1266,Gabriel Florentín
1267,Oscar Fraulo
1268,Emre Mor
1269,Delano Burgzorg
1270,Jessic Ngankam
1271,Emrecan Uzunhan
1272,Sammie Szmodics
1273,Michel Vlap
1274,Aurélien Scheidler
1275,Leonardo Buta
1276,Zakaria Aboukhlal
1277,Marcin Bulka
1278,Diego Hernández
1279,Boubacar Traoré
1280,Oleksandr Zubkov
1281,Doron Leidner
1282,Daniel Samek
1283,Lameck Banda
1284,Lewis Ferguson
1285,Carlton Morris
1286,Veton Berisha
1287,Alexsandro
1288,Dominik Kotarski
1289,Amir Richardson
1290,Vlad Chiricheș
1291,Giacomo Quagliata
1292,Willyan Rocha
1293,Emre Demir
1294,Riccardo Ciervo
1295,Ahmed Touba
1296,Roggerio Nyakossi
1297,Douglas Mendes
1298,Tommaso Mancini
1299,Facundo Waller
1300,Iván Marcone
1301,Joao Rojas
1302,Brian Ocampo
1303,Cedric Itten
1304,Rayan Raveloson
1305,Jessic Ngankam
1306,Khaled Narey
1307,Andreas Bruus
1308,Lucas Vera
1309,Moustapha Name
1310,Ohi Omoijuanfo
1311,Andrés Andrade
1312,Oscar Vilhelmsson
1313,Doğucan Haspolat
1314,Krzysztof Kubica
1315,Srdjan Babic
1316,Amer Gojak
1317,Francesco Di Mariano
1318,Pipa
1319,Milan Pavkov
1320,Yanis Hamache
1321,Eduard Löwen
1322,Sergio Santos
1323,Federico Di Francesco
1324,Tommaso Milanese
1325,Renato Steffen
1326,William Mikelbrencis
1327,Hamidou Traoré
1328,Jean Evrard Kouassi
1329,Adam Gnezda Cerin
1330,Kanya Fujimoto
1331,İrfan Can Eğribayat
1332,Nicolò Cambiaghi
1333,Samuel Umtiti
1334,Cenk Özkacar
1335,Silvije Begic
1336,Mailson
1337,Carlitos
1338,Marrony
1339,Anthony Kalik
1340,Paolo Ghiglione
1341,Jacob Shaffelburg
1342,Jorman Campuzano
1343,Flávio
1344,Paul Nardi
1345,Sébastien Thill
1346,Francesco Vicari
1347,Matous Trmal
1348,Mateo Klimowicz
1349,Mile Svilar
1350,Zeki Amdouni
1351,Zuriko Davitashvili
1352,Jan Vertonghen
1353,Philipp Hofmann
1354,Cenk Tosun
1355,Eli Dasa
1356,Fraser Forster
1357,Luan
1358,Mateusz Zukowski
1359,Ole Selnæs
1360,Auston Trusty
1361,Tom Edwards
1362,Salvi Sánchez
1363,Florian Lejeune
1364,Robert Zulj
1365,Lovre Kalinic
1366,Jens Stryger Larsen
1367,Davide Bettella
1368,Álvaro Carreras
1369,Philippe Sandler
1370,Sidnei
1371,Will Smallbone
1372,Tariqe Fosu
1373,Giorgi Chakvetadze
1374,Maximiliano Lovera
1375,Christian Luyindama
1376,Sheyi Ojo
1377,Mahlon Romeo
1378,Andre Gray
1379,Rafael Camacho
1380,Arturo Vidal
1381,Thomas Delaine
1382,Josh Bowler
1383,Jean-Daniel Akpa Akpro
1384,Lucas Mineiro
1385,Gianluca Frabotta
1386,Josh Koroma
1387,Benik Afobe
1388,Jonathan Menéndez
1389,Andrés Roa
1390,Cauley Woodrow
1391,Will Vaulks
1392,Maxime Leverbe
1393,Bruno Amione
1394,Jake Clarke-Salter
1395,Rafa Soares
1396,Papa Ndiaga Yade
1397,Rober González
1398,Youssouf Koné
1399,Charlie Patino
1400,Ian Poveda
1401,Omar Al-Somah
1402,Mubarak Wakaso
1403,Juan Brunetta
1404,Yahia Fofana
1405,Miha Blazic
1406,Ibrahim Amadou
1407,Carlos Clerc
1408,Luca Zidane
1409,Domagoj Pavicic
1410,Xavi Quintillà
1411,Tomás Araújo
1412,Federico Ricca
1413,Abdulkadir Parmak
1414,Filippo Melegoni
1415,Yassine Meriah
1416,Vicente Iborra
1417,Daniel Maldini
1418,Jérémie Bela
1419,Thuler
1420,Maxime Leverbe
1421,Opa Nguette
1422,Jürgen Locadia
1423,Mikael
1424,Steven Caulker
1425,Fernando González
1426,Santiago Ormeño
1427,Darko Velkovski
1428,Roberto Massimo
1429,Santiago Naveda
1430,Samuele Mulattieri
1431,Gianluca Frabotta
1432,Gabriel Noga
1433,Pierre Dwomoh
1434,Thiago Galhardo
1435,Pedro Rocha
1436,João Carlos Teixeira
1437,Rodrigo Riquelme
1438,Paulo Gazzaniga
1439,Roberto López
1440,Ryad Boudebouz
1441,Jhoanner Chávez
1442,Fabio Abreu
1443,Mehdi Abeid
1444,Darío Sarmiento
1445,Wilder Cartagena
1446,Matt Miazga
1447,Luís Oyama
1448,Anthony Knockaert
1449,Lautaro Blanco
1450,Nilson Angulo
1451,Ilias Koutsoupias
1452,Domagoj Vida
1453,Jesús Dueñas
1454,Luke McNally
1455,Mender García
1456,Adalberto Carrasquilla
1457,Shaq Moore
1458,Lovro Zvonarek
1459,Pep Chavarría
1460,Matteo Luigi Brunori
1461,Nicolás Quagliata
1462,Aliou Badji
1463,Guilherme Castilho
1464,Maksim Glushenkov
1465,Bogdan Planic
1466,Nonato
1467,Frantzdy Pierrot
1468,Florian Krüger
1469,Marcos López
1470,Vladislav Sarveli
1471,Yago Pikachu
1472,Rodrigues
1473,Johannes Eggestein
1474,Nikola Soldo
1475,Filippo Ranocchia
1476,Joan Sastre
1477,Bartosz Nowak
1478,Lukasz Poreba
1479,Theocharis Tsingaras
1480,Konstantinos Stafylidis
1481,César Falletti
1482,Linton Maina
1483,Aaron Leya Iseka
1484,Conor Hourihane
1485,Filip Benkovic
1486,Anderson Lucoqui
1487,Jorrit Hendrix
1488,Aymen Barkok
1489,Yoann Barbet
1490,Clément Michelin
1491,Aliou Badji
1492,Max Besuschkow
1493,Louis Schaub
1494,Enzo Crivelli
1495,Jannes Horn
1496,Tayfur Bingöl
1497,Yonatan Cohen
1498,Rodrigo Battaglia
1499,Przemyslaw Placheta
1500,Ciaran Clark
1501,Sergio Escudero
1502,Carlens Arcus
1503,Eduardo
1504,Juraj Kucka
1505,Pape Cheikh
1506,Tommy Smith
1507,Jemal Tabidze
1508,Stefan Bajic
1509,Ibrahim Sissoko
1510,Stefano Gori
1511,Dylan Louiserre
1512,Josh Murphy
1513,Kristoffer Askildsen
1514,Nery Domínguez
1515,Matty Longstaff
1516,Sikou Niakaté
1517,Simon Gustafson
1518,Nathan Tella
1519,Braian Samudio
1520,Juan Cazares
1521,Jorge Miramón
1522,Andrés Mosquera
1523,Awer Mabil
1524,Lazar Markovic
1525,Marko Jevtovic
1526,Bastien Toma
1527,Tobias Figueiredo
1528,Maxime Gonalons
1529,Kévin Rodrigues
1530,Badou Ndiaye
1531,Erik Thommy
1532,Mesut Özil
1533,Olivier Thill
1534,Andrés Felipe Román
1535,Caio Vidal
1536,Arnaud Lusamba
1537,David López
1538,Peglow
1539,Jonathan Silva
1540,Erick Cabaco
1541,Fayçal Fajr
1542,Fatih Kurucuk
1543,Tudor Băluţă
1544,Mathias Ross
1545,Dominic Hyam
1546,Elia Caprile
1547,Alan Rodríguez
1548,Juan Mosquera
1549,Yann Bisseck
1550,David Miculescu
1551,Badr Benoun
1552,Tyler Dibling
1553,Lukas Haraslin
1554,Gelson Dala
1555,Francesco Forte
1556,Stipe Perica
1557,Mario Gargiulo
1558,Jacob Barrett Laursen
1559,Guy Mbenza
1560,Konrad Michalak
1561,Facundo Ferreyra
1562,Nathaniel Méndez-Laing
1563,Rafal Augustyniak
1564,Alessio da Cruz
1565,Lincoln
1566,Mert Çetin
1567,Zan Majer
1568,Patrick Pentz
1569,Raphael Holzhauser
1570,Emre Mor
1571,Mbaye Diagne
1572,José Ortiz
1573,Federico Lértora
1574,Bastos
1575,Mauro Méndez
1576,Mehdi Bourabia
1577,Luka Lochoshvili
1578,Lukas Mai
1579,Osher Davida
1580,Nahuel Estévez
1581,Ahmed Bamasud
1582,Mihajlo Banjac
1583,Ivan Petryak
1584,Serdar Saatçı
1585,Moisés
1586,Stanislav Iljutcenko
1587,Jacopo Segre
1588,Stefan Sapic
1589,Jefté Betancor
1590,Adrian Păun
1591,Mike van der Hoorn
1592,Kevin Stöger
1593,Jacek Goralski
1594,Maximilian Bauer
1595,Billel Omrani
1596,Marco Sala
1597,Ravil Tagir
1598,Bruno Jordão
1599,Daniel Graovac
1600,Paulinho Paula
1601,Ahmed Refaat
1602,Edoardo Masciangelo
1603,Samuel Portugal
1604,Steffen Tigges
1605,Miro Muheim
1606,Hyun-seok Hong
1607,Kings Kangwa
1608,Gabriel Carabajal
1609,Massimo Coda
1610,Maik Nawrocki
1611,Andrea Compagno
1612,Justin Lonwijk
1613,Kingsley Ehizibue
1614,Oliver Zandén
1615,Sigurd Haugen
1616,Kristian Eriksen
1617,Marco Delle Monache
1618,Anthony Valencia
1619,Darlin Yongwa
1620,Montassar Talbi
1621,Léo Baptistão
1622,Ramiro Funes Mori
1623,João Batxi
1624,Víctor Meseguer
1625,Yegor Yarmolyuk
1626,Simon Olsson
1627,Ayase Ueda
1628,Vladyslav Kabaev
1629,Ao Tanaka
1630,Danylo Ignatenko
1631,Ferdy Druijf
1632,Pasquale Mazzocchi
1633,Úmaro Embaló
1634,Komnen Andric
1635,Dominik Kotarski
1636,Gustavo Dulanto
1637,Leon Dajaku
1638,Lukas Sadilek
1639,Alfredo Donnarumma
1640,Alfa Semedo
1641,Näis Djouahra
1642,Nadhir Benbouali
1643,Stephen Odey
1644,Karol Angielski
1645,Koffi Kouao
1646,Bruno Duarte
1647,Alex Timossi Andersson
1648,Thomas Monconduit
1649,Mateo Barac
1650,Gustav Berggren
1651,Victor Cuesta
1652,Betim Fazliji
1653,Christian Makoun
1654,Wesley Gasolina
1655,Luca Itter
1656,Grigoris Kastanos
1657,Jhegson Méndez
1658,Damjan Bohar
1659,Bradley de Nooijer
1660,Mostafa Fathi
1661,Cristian Ferreira
1662,Yayah Kallon
1663,Enis Destan
1664,Armindo Sieb
1665,Frederik Jäkel
1666,Ahmad Benali
1667,Tom Barkhuizen
1668,Faride Alidou
1669,Jean-Kévin Augustin
1670,Rick van Drongelen
1671,Maya Yoshida
1672,Ragnar Ache
1673,Simen Juklerød
1674,Mitchell Weiser
1675,Eran Zahavi
1676,John Souttar
1677,Malik Tillman
1678,Douglas Tanque
1679,Kalifa Coulibaly
1680,Amin Younes
1681,Matija Nastasic
1682,Kevin Strootman
1683,Ivan Santini
1684,Jonas Toró
1685,Alexis Trouillet
1686,Steve Mandanda
1687,Milan Djuric
1688,Youssouf M'Changama
1689,Kays Ruiz-Atil
1690,Benoît Costil
1691,Michael Folorunsho
1692,Steven Sessegnon
1693,Juanjo Narváez
1694,Burak Yılmaz
1695,Joel Robles
1696,Filip Stojkovic
1697,Marin Ljubicic
1698,Vitolo
1699,Aden Flint
1700,Gavin Kilkenny
1701,Dwight Gayle
1702,Liam Delap
1703,Marçal
1704,Nahuel Ferraresi
1705,Soner Aydoğdu
1706,Ömer Toprak
1707,Callum O'Dowda
1708,Peter Etebo
1709,Przemysław Wiśniewski
1710,Jimmy Giraudon
1711,Victor Lobry
1712,Lenny Pintor
1713,Kyle Duncan
1714,Brahima Ouattara
1715,Iñigo Vicente
1716,Jordi Mboula
1717,Mehdi Zerkane
1718,Fernandinho
1719,Check Oumar Diakité
1720,Terence Kongolo
1721,Gabriel
1722,Saido Berahino
1723,Marko Tolic
1724,Nemanja Miletic
1725,Roman Bezus
1726,Anastasios Chatzigiovanis
1727,Pedrinho
1728,Gökhan Akkan
1729,Ivan Ignatjev
1730,Sinan Bolat
1731,Dorgeles Nene
1732,Fábio Gomes
1733,Ryan Fredericks
1734,Rey Manaj
1735,Marlon Pack
1736,George Honeyman
1737,Naby Sarr
1738,Arthur Okonkwo
1739,Luis Binks
1740,Rubén Yáñez
1741,Ante Palaversa
1742,Andrea Favilli
1743,Clément Vidal
1744,Hianga'a Mbock
1745,Mark Diemers
1746,Davide Diaw
1747,Antonio Barreca
1748,Ignacio Malcorra
1749,Lautaro Blanco
1750,Himad Abdelli
1751,Tiago Gouveia
1752,Federico Fernández
1753,Peru Nolaskoain
1754,Gaspar Campos
1755,Brayan Angulo
1756,Mateus Sarará
1757,Leonardo Sernicola
1758,Óscar Vanegas
1759,Christian Ortíz
1760,Anderson Silva
1761,Ali Alipour
1762,Stanislav Kritsyuk
1763,Adrián Marín
1764,Cristo
1765,Cote
1766,Alonso Aceves
1767,Sergi Enrich
1768,Marcelo Flores
1769,Jonas Toró
1770,Fede San Emeterio
1771,Alan Dzagoev
1772,Vagner
1773,Federico Proia
1774,Jón Dagur Thorsteinsson
